{
  "train_loss": [
    1.8458882795061384,
    1.6099718747820173,
    1.5326197923932756,
    1.45291501726423,
    1.3451592254638671,
    1.2823481832231793,
    1.2325924628121512,
    1.1905852508544923,
    1.1360102769306728,
    1.1183361026218959,
    1.086568225451878,
    1.0441468851906912,
    1.014283879143851,
    0.9811340815680367,
    0.9555085107258388,
    0.9270714255741664,
    0.8971454524993896,
    0.883212263243539,
    0.8673568289620536,
    0.8360111352375575,
    0.8185894904817854,
    0.7956171158381871,
    0.7918975789206368,
    0.7469006599698748,
    0.7359888611521039,
    0.7043616948808943,
    0.7120664708954947,
    0.6638424042293004,
    0.6673546208654131,
    0.6238790607452392
  ],
  "train_acc": [
    0.28464285714285714,
    0.3703571428571429,
    0.4117857142857143,
    0.45339285714285715,
    0.5001785714285715,
    0.52375,
    0.54375,
    0.5644642857142858,
    0.5796428571428571,
    0.5889285714285715,
    0.59875,
    0.6205357142857143,
    0.6317857142857143,
    0.6391071428571429,
    0.6566071428571428,
    0.6689285714285714,
    0.6758928571428572,
    0.68625,
    0.6935714285714286,
    0.6960714285714286,
    0.7016071428571429,
    0.71125,
    0.7194642857142857,
    0.7319642857142857,
    0.74125,
    0.7514285714285714,
    0.7398214285714285,
    0.7651785714285714,
    0.7676785714285714,
    0.785
  ],
  "valid_loss": [
    1.7022863755907331,
    1.9904620592934745,
    1.6592530693326677,
    1.8314990377426148,
    1.4962190348761422,
    1.6554138885225569,
    1.3742337908063615,
    1.5996294852665494,
    1.3132744945798602,
    1.452308282170977,
    1.1718170486177717,
    2.528955315181187,
    1.1644526389666967,
    1.4093162379946027,
    1.3864615215573992,
    1.2523826278959003,
    1.4191509996141707,
    1.5669739389419555,
    2.4610306085859026,
    1.331548466682434,
    1.2332032118524825,
    1.5352038744517735,
    1.2402156618663243,
    1.2853245449066162,
    1.0966247732298715,
    1.1016558974129813,
    1.217880278314863,
    1.3985649752616882,
    1.1822083067893983,
    1.8578498438426427
  ],
  "valid_acc": [
    0.3335714285714286,
    0.2857142857142857,
    0.36714285714285716,
    0.36357142857142855,
    0.42214285714285715,
    0.3557142857142857,
    0.485,
    0.45714285714285713,
    0.5421428571428571,
    0.4828571428571429,
    0.5714285714285714,
    0.3364285714285714,
    0.5785714285714286,
    0.54,
    0.535,
    0.5628571428571428,
    0.5271428571428571,
    0.5064285714285715,
    0.4142857142857143,
    0.5228571428571429,
    0.5971428571428572,
    0.5407142857142857,
    0.56,
    0.6042857142857143,
    0.65,
    0.6107142857142858,
    0.6135714285714285,
    0.5992857142857143,
    0.6014285714285714,
    0.5378571428571428
  ]
}