{
  "train_loss": [
    2.1105611201695034,
    1.693317176273891,
    1.5209673091343472,
    1.3689748116901943,
    1.2446204430716379,
    1.1651626838956561,
    1.0455429431370327,
    0.9793668399538312,
    0.8456033079964774,
    0.7458529090881347,
    0.6451883278574262,
    0.5174824297428131,
    0.4356451770237514,
    0.37418325526373725,
    0.3078691692011697,
    0.2202092478956495,
    0.14363582530191968,
    0.13678905759538923,
    0.09992492784346853,
    0.10471407439027514,
    0.07646172463893891,
    0.064042599350214,
    0.06220023953488895,
    0.057997613400220874,
    0.03456792974046299,
    0.05234374655144555,
    0.029742780114923206,
    0.03129272626979011,
    0.017243227916104453,
    0.00818361840077809
  ],
  "train_acc": [
    0.21428571428571427,
    0.3694642857142857,
    0.4380357142857143,
    0.4953571428571429,
    0.5430357142857143,
    0.5821428571428572,
    0.6207142857142857,
    0.6480357142857143,
    0.6983928571428571,
    0.7394642857142857,
    0.7710714285714285,
    0.8185714285714286,
    0.8530357142857142,
    0.8778571428571429,
    0.9028571428571428,
    0.9301785714285714,
    0.9519642857142857,
    0.9575,
    0.9701785714285714,
    0.9673214285714286,
    0.9769642857142857,
    0.9798214285714286,
    0.9817857142857143,
    0.9816071428571429,
    0.9903571428571428,
    0.9810714285714286,
    0.9914285714285714,
    0.9901785714285715,
    0.9951785714285715,
    0.9989285714285714
  ],
  "valid_loss": [
    1.7724898835590908,
    1.5636268418175834,
    1.4245230824606758,
    1.3855933495930264,
    1.3128943981443133,
    1.2468982199260166,
    1.2932159178597586,
    1.1419396587780544,
    1.1222681416784015,
    1.127222285270691,
    1.2088787576130458,
    1.2181151982716152,
    1.3046087401253836,
    1.4349985766410827,
    1.3327402452060155,
    1.5380373185021536,
    1.8302695185797555,
    1.883086119379316,
    1.900710507801601,
    1.8300691570554461,
    2.066553008896964,
    1.9506428255353656,
    2.1086697244644164,
    2.0968930278505598,
    2.246786285127912,
    2.1381428050994873,
    2.2277324608394076,
    2.57148193359375,
    2.4781188910348075,
    2.595386825289045
  ],
  "valid_acc": [
    0.3157142857142857,
    0.40214285714285714,
    0.4807142857142857,
    0.4907142857142857,
    0.52,
    0.5378571428571428,
    0.5478571428571428,
    0.5885714285714285,
    0.6128571428571429,
    0.6021428571428571,
    0.6092857142857143,
    0.6235714285714286,
    0.6064285714285714,
    0.615,
    0.6264285714285714,
    0.6164285714285714,
    0.6157142857142858,
    0.6192857142857143,
    0.6185714285714285,
    0.64,
    0.6114285714285714,
    0.6221428571428571,
    0.61,
    0.6192857142857143,
    0.6364285714285715,
    0.6192857142857143,
    0.6392857142857142,
    0.6142857142857143,
    0.6428571428571429,
    0.6221428571428571
  ]
}