{
  "train_loss": [
    2.087999997820173,
    1.6562002168382917,
    1.466800994873047,
    1.2818297699519565,
    1.102509491784232,
    0.969674837248666,
    0.7941803652899606,
    0.6415025336401803,
    0.414049996307918,
    0.23218798322337014,
    0.16597494121108736,
    0.09940167431320462,
    0.07169291070529393,
    0.04836037016340664,
    0.020819769033363886,
    0.0056930310385567805,
    0.0022541054018906186,
    0.0007359447436673301,
    0.00045949665563447135,
    0.0002916833332606724,
    0.00024617420775549753,
    0.00021407308323042733,
    0.0001906200179031917,
    0.00017144501209259033,
    0.00015622204967907498,
    0.00014374864952904838,
    0.00013250172138214113,
    0.00012343300240380423,
    0.0001155127159186772,
    0.00010865392429488045
  ],
  "train_acc": [
    0.2282142857142857,
    0.38803571428571426,
    0.455,
    0.5282142857142857,
    0.5976785714285714,
    0.6510714285714285,
    0.715,
    0.7769642857142857,
    0.8564285714285714,
    0.9216071428571428,
    0.94375,
    0.9698214285714286,
    0.97875,
    0.9853571428571428,
    0.9946428571428572,
    0.99875,
    0.9998214285714285,
    1.0,
    1.0,
    1.0,
    1.0,
    1.0,
    1.0,
    1.0,
    1.0,
    1.0,
    1.0,
    1.0,
    1.0,
    1.0
  ],
  "valid_loss": [
    1.7487978260857717,
    1.5450201545442854,
    1.4741180494853428,
    1.3575643178394863,
    1.3492514869144985,
    1.260171092578343,
    1.4097166081837245,
    1.2867479576383318,
    1.4687142733165195,
    1.8789750555583409,
    2.172266775539943,
    2.0727620840072634,
    2.3804699311937605,
    2.3836514840807235,
    2.4892815167563302,
    2.6014057997294833,
    2.7534094551631383,
    2.8713940824781146,
    2.9362762124197825,
    2.981402510234288,
    3.0204837839944023,
    3.055091714859009,
    3.083889619282314,
    3.1140006678445,
    3.139147812979562,
    3.1619640963418143,
    3.1843381977081298,
    3.204650558744158,
    3.2229180349622455,
    3.2411277662004743
  ],
  "valid_acc": [
    0.3385714285714286,
    0.4185714285714286,
    0.4614285714285714,
    0.49857142857142855,
    0.5185714285714286,
    0.5564285714285714,
    0.5192857142857142,
    0.5764285714285714,
    0.5692857142857143,
    0.5592857142857143,
    0.5635714285714286,
    0.5714285714285714,
    0.5842857142857143,
    0.5935714285714285,
    0.5992857142857143,
    0.5942857142857143,
    0.6085714285714285,
    0.6092857142857143,
    0.605,
    0.6064285714285714,
    0.6071428571428571,
    0.6057142857142858,
    0.6078571428571429,
    0.6057142857142858,
    0.6071428571428571,
    0.6057142857142858,
    0.6064285714285714,
    0.6071428571428571,
    0.6071428571428571,
    0.6092857142857143
  ]
}