{
  "train_loss": [
    1.8165895346232823,
    1.359307265962873,
    1.1596870265688215,
    0.9314308943067278,
    0.7212102743557521,
    0.5027223474638802,
    0.2756276622840336,
    0.15085131955998285,
    0.05888740286231041,
    0.035456753841468264,
    0.04640124940446445,
    0.03549843807305608,
    0.05969136359436172,
    0.047322778978518075,
    0.024424950714622227,
    0.014830980492489678,
    0.010023785339934485,
    0.0008103399617331369,
    0.00032534539699554445,
    0.0002381871214934758,
    0.0001968146221978324,
    0.00016882377011435374,
    0.0001481445346559797,
    0.00013176622135298592,
    0.00011853620409965515,
    0.0001080884039402008,
    9.864387767655509e-05,
    9.102770260402134e-05,
    8.432907717568534e-05,
    7.826002580778939e-05
  ],
  "train_acc": [
    0.3225,
    0.50375,
    0.5751785714285714,
    0.6660714285714285,
    0.7389285714285714,
    0.8260714285714286,
    0.9085714285714286,
    0.9541071428571428,
    0.9858928571428571,
    0.9907142857142858,
    0.9851785714285715,
    0.99,
    0.9821428571428571,
    0.9871428571428571,
    0.9948214285714285,
    0.9960714285714286,
    0.9985714285714286,
    1.0,
    1.0,
    1.0,
    1.0,
    1.0,
    1.0,
    1.0,
    1.0,
    1.0,
    1.0,
    1.0,
    1.0,
    1.0
  ],
  "valid_loss": [
    1.4716248192105974,
    1.3938339138031006,
    1.2629320928028651,
    1.2691631821223668,
    1.3287464795793806,
    1.310932433945792,
    1.6031721210479737,
    1.8672458192280361,
    2.173705518586295,
    2.4908721378871372,
    2.3360103518622264,
    2.57476530279432,
    2.5358955110822405,
    2.803650768824986,
    2.6564221967969623,
    2.767983819416591,
    2.8560221985408236,
    2.9609526484353204,
    3.009245171546936,
    3.0455281128202167,
    3.0764769567762102,
    3.10736348765237,
    3.131734514917646,
    3.157967972755432,
    3.1789689704350064,
    3.2002055658612933,
    3.2174407155173164,
    3.2350586060115267,
    3.250935216631208,
    3.268598767689296
  ],
  "valid_acc": [
    0.4357142857142857,
    0.4714285714285714,
    0.5371428571428571,
    0.5485714285714286,
    0.5757142857142857,
    0.5871428571428572,
    0.5935714285714285,
    0.5921428571428572,
    0.6171428571428571,
    0.6014285714285714,
    0.5864285714285714,
    0.595,
    0.59,
    0.5921428571428572,
    0.605,
    0.6028571428571429,
    0.6057142857142858,
    0.6142857142857143,
    0.615,
    0.6128571428571429,
    0.6114285714285714,
    0.6135714285714285,
    0.6121428571428571,
    0.6121428571428571,
    0.6121428571428571,
    0.6142857142857143,
    0.6128571428571429,
    0.6142857142857143,
    0.6128571428571429,
    0.6157142857142858
  ]
}